customer_id,name,email,region,segment,join_date,loyalty_tier
CUST0001,Kenneth Davis,customer1@example.com,North,SMB,2021-05-16,Silver
CUST0002,William Mitchell,customer2@example.com,North,Government,2020-06-27,Platinum
CUST0003,John Johnson,customer3@example.com,North,Corporate,2021-04-21,Bronze
CUST0004,Carol Gonzalez,customer4@example.com,Central,Enterprise,2021-03-27,Platinum
CUST0005,Michelle Moore,customer5@example.com,North,Corporate,2022-05-15,Gold
CUST0006,Karen Martinez,customer6@example.com,South,SMB,2020-07-28,Bronze
CUST0007,Matthew Miller,customer7@example.com,East,SMB,2021-06-25,Bronze
CUST0008,George Robinson,customer8@example.com,Central,Retail,2022-02-14,Bronze
CUST0009,Carol Jackson,customer9@example.com,Central,SMB,2021-01-28,Bronze
CUST0010,John Nelson,customer10@example.com,South,SMB,2020-06-12,Silver
CUST0011,Michael Harris,customer11@example.com,East,Enterprise,2022-01-17,Silver
CUST0012,Betty Thompson,customer12@example.com,South,SMB,2020-05-26,Silver
CUST0013,Paul Campbell,customer13@example.com,South,Corporate,2022-08-04,Platinum
CUST0014,Karen Green,customer14@example.com,Central,Corporate,2021-10-26,Bronze
CUST0015,Joseph Williams,customer15@example.com,East,Enterprise,2021-07-02,Bronze
CUST0016,Jessica Torres,customer16@example.com,East,Corporate,2022-10-19,Platinum
CUST0017,Dorothy Robinson,customer17@example.com,South,SMB,2020-10-12,Silver
CUST0018,Stephanie Scott,customer18@example.com,Central,SMB,2022-05-27,Platinum
CUST0019,Betty Anderson,customer19@example.com,South,Government,2022-10-07,Bronze
CUST0020,Timothy Brown,customer20@example.com,North,Corporate,2020-11-23,Platinum
CUST0021,Joshua Jones,customer21@example.com,West,Enterprise,2022-08-16,Gold
CUST0022,Carol Smith,customer22@example.com,North,Government,2021-06-30,Gold
CUST0023,Linda Jackson,customer23@example.com,West,Corporate,2022-07-18,Bronze
CUST0024,George Campbell,customer24@example.com,East,Government,2020-12-31,Bronze
CUST0025,Kenneth Martin,customer25@example.com,Central,Government,2021-02-11,Silver
CUST0026,Betty Carter,customer26@example.com,South,Government,2022-12-22,Bronze
CUST0027,Joshua Lee,customer27@example.com,West,Retail,2020-08-17,Gold
CUST0028,Lisa Thomas,customer28@example.com,North,Corporate,2020-06-10,Bronze
CUST0029,George Young,customer29@example.com,North,Government,2020-09-14,Silver
CUST0030,Kevin Walker,customer30@example.com,Central,Corporate,2021-06-26,Platinum
CUST0031,Jessica Wright,customer31@example.com,South,SMB,2022-03-28,Gold
CUST0032,Mark King,customer32@example.com,West,Retail,2021-05-22,Silver
CUST0033,Robert Perez,customer33@example.com,North,Government,2021-04-16,Silver
CUST0034,James Jones,customer34@example.com,North,Corporate,2020-05-18,Bronze
CUST0035,Nancy Jones,customer35@example.com,Central,Corporate,2021-07-24,Platinum
CUST0036,Jessica Wright,customer36@example.com,South,Government,2022-08-26,Silver
CUST0037,Donald Clark,customer37@example.com,South,Retail,2020-07-17,Platinum
CUST0038,Daniel Ramirez,customer38@example.com,West,Enterprise,2020-04-20,Bronze
CUST0039,Patricia Sanchez,customer39@example.com,East,Retail,2021-05-24,Silver
CUST0040,Richard Wright,customer40@example.com,West,Corporate,2022-05-14,Silver
CUST0041,Karen Robinson,customer41@example.com,South,Retail,2022-06-26,Bronze
CUST0042,Patricia Adams,customer42@example.com,Central,Retail,2020-07-10,Silver
CUST0043,David Clark,customer43@example.com,West,Enterprise,2021-03-13,Platinum
CUST0044,Patricia Hernandez,customer44@example.com,West,Retail,2022-03-10,Gold
CUST0045,Ashley Jackson,customer45@example.com,West,Government,2022-09-23,Silver
CUST0046,Richard Jackson,customer46@example.com,South,Retail,2020-05-04,Gold
CUST0047,Patricia Brown,customer47@example.com,Central,Enterprise,2022-10-26,Silver
CUST0048,Patricia Allen,customer48@example.com,North,Corporate,2020-05-20,Bronze
CUST0049,Melissa Thomas,customer49@example.com,West,Retail,2021-05-19,Bronze
CUST0050,Amanda Garcia,customer50@example.com,West,Government,2022-12-06,Gold
CUST0051,Thomas Wilson,customer51@example.com,East,Corporate,2021-06-27,Platinum
CUST0052,William Nelson,customer52@example.com,East,Enterprise,2021-10-09,Bronze
CUST0053,James Robinson,customer53@example.com,Central,Government,2020-07-23,Bronze
CUST0054,Paul Wilson,customer54@example.com,Central,SMB,2020-09-28,Gold
CUST0055,Robert Thomas,customer55@example.com,East,SMB,2020-11-19,Platinum
CUST0056,Paul Rivera,customer56@example.com,East,Government,2022-12-19,Bronze
CUST0057,Kevin Scott,customer57@example.com,East,Retail,2020-10-02,Gold
CUST0058,Linda Miller,customer58@example.com,Central,Corporate,2021-07-11,Gold
CUST0059,Joshua Wilson,customer59@example.com,East,Corporate,2021-06-24,Platinum
CUST0060,Thomas Brown,customer60@example.com,North,Enterprise,2021-07-20,Bronze
CUST0061,James Perez,customer61@example.com,South,SMB,2020-11-26,Platinum
CUST0062,Carol Rivera,customer62@example.com,West,Government,2020-01-20,Bronze
CUST0063,Robert Hall,customer63@example.com,South,Government,2020-03-14,Gold
CUST0064,Michelle Scott,customer64@example.com,South,Enterprise,2020-09-18,Bronze
CUST0065,Lisa White,customer65@example.com,North,SMB,2021-03-06,Silver
CUST0066,Kevin Miller,customer66@example.com,East,Government,2022-04-12,Silver
CUST0067,Sarah Hernandez,customer67@example.com,South,Enterprise,2020-02-20,Silver
CUST0068,Stephanie Perez,customer68@example.com,West,Corporate,2021-06-30,Silver
CUST0069,Brian Miller,customer69@example.com,West,Retail,2022-08-21,Silver
CUST0070,Richard Robinson,customer70@example.com,East,SMB,2021-04-11,Silver
CUST0071,Mary Nelson,customer71@example.com,South,Enterprise,2021-11-03,Gold
CUST0072,Robert Roberts,customer72@example.com,East,SMB,2022-11-09,Platinum
CUST0073,Melissa Wright,customer73@example.com,East,Retail,2020-08-24,Gold
CUST0074,Susan Nguyen,customer74@example.com,East,Retail,2020-08-10,Platinum
CUST0075,Daniel Campbell,customer75@example.com,East,Enterprise,2022-11-13,Bronze
CUST0076,Matthew Torres,customer76@example.com,South,SMB,2020-03-31,Platinum
CUST0077,James King,customer77@example.com,Central,Corporate,2022-01-15,Platinum
CUST0078,Robert Nelson,customer78@example.com,East,Government,2021-10-04,Bronze
CUST0079,George Martin,customer79@example.com,Central,SMB,2022-04-16,Gold
CUST0080,Margaret Hall,customer80@example.com,East,Government,2020-09-17,Silver
CUST0081,Anthony Nelson,customer81@example.com,West,Corporate,2021-09-08,Platinum
CUST0082,Carol Smith,customer82@example.com,East,SMB,2021-03-06,Platinum
CUST0083,Michelle Hill,customer83@example.com,East,Enterprise,2022-06-23,Platinum
CUST0084,Melissa Wilson,customer84@example.com,Central,Enterprise,2020-12-13,Bronze
CUST0085,Charles Allen,customer85@example.com,Central,SMB,2020-07-10,Silver
CUST0086,Melissa Martin,customer86@example.com,South,Corporate,2020-10-28,Bronze
CUST0087,John Thomas,customer87@example.com,West,Government,2020-05-29,Platinum
CUST0088,Anthony Green,customer88@example.com,Central,Corporate,2022-02-25,Platinum
CUST0089,Margaret Thomas,customer89@example.com,South,Retail,2020-08-06,Platinum
CUST0090,Joseph Lopez,customer90@example.com,Central,Enterprise,2020-04-12,Silver
CUST0091,Linda Robinson,customer91@example.com,South,Enterprise,2022-12-23,Gold
CUST0092,Timothy Lewis,customer92@example.com,Central,Government,2022-05-23,Platinum
CUST0093,David Mitchell,customer93@example.com,West,Enterprise,2021-06-14,Silver
CUST0094,Kenneth Moore,customer94@example.com,Central,Enterprise,2021-05-04,Gold
CUST0095,Mark Jones,customer95@example.com,East,Corporate,2021-07-10,Gold
CUST0096,Christopher Wright,customer96@example.com,North,Corporate,2020-11-04,Silver
CUST0097,Matthew Hall,customer97@example.com,South,Corporate,2020-05-11,Platinum
CUST0098,Anthony Perez,customer98@example.com,Central,Enterprise,2022-05-01,Bronze
CUST0099,Jessica Clark,customer99@example.com,West,Government,2020-02-10,Platinum
CUST0100,Donald Smith,customer100@example.com,East,SMB,2022-03-09,Platinum
CUST0101,Paul Mitchell,customer101@example.com,Central,Government,2021-03-27,Platinum
CUST0102,Joseph Moore,customer102@example.com,West,Enterprise,2020-02-29,Platinum
CUST0103,Nancy Nelson,customer103@example.com,West,Corporate,2022-08-15,Silver
CUST0104,Amanda Wright,customer104@example.com,North,Enterprise,2020-02-25,Bronze
CUST0105,Dorothy Ramirez,customer105@example.com,South,Enterprise,2021-01-07,Bronze
CUST0106,Thomas Harris,customer106@example.com,East,Corporate,2022-07-20,Gold
CUST0107,Nancy Carter,customer107@example.com,West,SMB,2022-05-13,Gold
CUST0108,Jennifer Walker,customer108@example.com,North,Government,2020-04-16,Gold
CUST0109,Joseph Adams,customer109@example.com,North,Retail,2020-03-04,Silver
CUST0110,Richard Johnson,customer110@example.com,Central,Corporate,2021-05-03,Silver
CUST0111,Donald Nelson,customer111@example.com,North,Government,2021-03-22,Platinum
CUST0112,Brian Taylor,customer112@example.com,East,Corporate,2020-08-22,Silver
CUST0113,Lisa Miller,customer113@example.com,Central,Retail,2021-09-30,Platinum
CUST0114,Margaret Rivera,customer114@example.com,South,Retail,2021-05-12,Bronze
CUST0115,Brian Roberts,customer115@example.com,East,Government,2020-09-04,Bronze
CUST0116,Daniel Wright,customer116@example.com,West,SMB,2020-05-21,Gold
CUST0117,James Clark,customer117@example.com,West,Retail,2022-06-06,Gold
CUST0118,Kenneth Robinson,customer118@example.com,South,Enterprise,2020-12-26,Gold
CUST0119,Amanda Wright,customer119@example.com,West,Enterprise,2022-06-11,Gold
CUST0120,Christopher Thomas,customer120@example.com,North,SMB,2022-07-12,Silver
CUST0121,Timothy Robinson,customer121@example.com,Central,Government,2022-02-15,Gold
CUST0122,Mary Young,customer122@example.com,East,Corporate,2022-09-25,Silver
CUST0123,Daniel Taylor,customer123@example.com,East,SMB,2021-07-19,Bronze
CUST0124,Donna Gonzalez,customer124@example.com,North,Corporate,2022-04-12,Platinum
CUST0125,Carol Carter,customer125@example.com,South,Enterprise,2022-10-02,Platinum
CUST0126,Mary Garcia,customer126@example.com,East,Corporate,2022-04-08,Silver
CUST0127,Lisa Nelson,customer127@example.com,Central,SMB,2022-08-27,Gold
CUST0128,Sandra Mitchell,customer128@example.com,Central,SMB,2021-12-21,Platinum
CUST0129,Karen Martin,customer129@example.com,East,Corporate,2020-09-04,Silver
CUST0130,Christopher Davis,customer130@example.com,Central,Corporate,2021-01-27,Silver
CUST0131,Stephanie Walker,customer131@example.com,East,Government,2022-12-10,Gold
CUST0132,Michael Gonzalez,customer132@example.com,East,Corporate,2022-01-09,Silver
CUST0133,Lisa Smith,customer133@example.com,Central,Corporate,2021-07-15,Bronze
CUST0134,Patricia Scott,customer134@example.com,East,Corporate,2022-10-02,Bronze
CUST0135,James Torres,customer135@example.com,East,Enterprise,2022-09-07,Platinum
CUST0136,Nancy Lopez,customer136@example.com,North,SMB,2022-09-05,Bronze
CUST0137,Robert Sanchez,customer137@example.com,West,Retail,2020-04-19,Silver
CUST0138,Barbara Torres,customer138@example.com,East,Retail,2021-05-23,Bronze
CUST0139,Carol Carter,customer139@example.com,West,Government,2021-04-07,Platinum
CUST0140,Mark Lewis,customer140@example.com,East,Government,2022-05-28,Gold
CUST0141,Andrew Flores,customer141@example.com,North,Government,2020-07-22,Silver
CUST0142,Kenneth Wilson,customer142@example.com,East,Retail,2020-11-17,Silver
CUST0143,Susan Scott,customer143@example.com,North,Corporate,2020-01-06,Platinum
CUST0144,Mark Hall,customer144@example.com,Central,Enterprise,2021-08-19,Bronze
CUST0145,Joseph Jackson,customer145@example.com,East,Enterprise,2020-05-25,Silver
CUST0146,Thomas Green,customer146@example.com,Central,Corporate,2022-05-20,Bronze
CUST0147,Paul Anderson,customer147@example.com,South,SMB,2020-10-18,Bronze
CUST0148,Patricia Hernandez,customer148@example.com,East,Government,2021-08-14,Platinum
CUST0149,Linda Robinson,customer149@example.com,East,Enterprise,2021-07-11,Platinum
CUST0150,Mark Garcia,customer150@example.com,Central,Retail,2022-06-03,Gold
CUST0151,Joshua Taylor,customer151@example.com,North,Retail,2021-04-13,Bronze
CUST0152,Timothy Baker,customer152@example.com,East,Government,2020-03-23,Silver
CUST0153,Donald King,customer153@example.com,West,SMB,2021-01-06,Platinum
CUST0154,Kenneth Young,customer154@example.com,North,Enterprise,2021-12-13,Platinum
CUST0155,Nancy Lee,customer155@example.com,North,Corporate,2021-11-06,Platinum
CUST0156,Brian Young,customer156@example.com,East,Enterprise,2020-03-16,Platinum
CUST0157,Jennifer Lee,customer157@example.com,East,SMB,2020-08-25,Platinum
CUST0158,Steven Smith,customer158@example.com,Central,Enterprise,2022-04-26,Bronze
CUST0159,Richard King,customer159@example.com,East,Government,2022-10-17,Platinum
CUST0160,Timothy Brown,customer160@example.com,South,SMB,2020-09-25,Gold
CUST0161,Mark Hall,customer161@example.com,West,Retail,2020-02-29,Silver
CUST0162,Deborah Hernandez,customer162@example.com,East,Government,2020-01-29,Platinum
CUST0163,Jennifer Anderson,customer163@example.com,North,Enterprise,2020-08-28,Silver
CUST0164,Emily Rivera,customer164@example.com,East,Government,2021-07-13,Platinum
CUST0165,Donald Walker,customer165@example.com,South,Enterprise,2020-10-23,Platinum
CUST0166,Richard Hill,customer166@example.com,Central,Corporate,2020-05-22,Gold
CUST0167,Rebecca Clark,customer167@example.com,East,Government,2021-07-01,Bronze
CUST0168,Charles Campbell,customer168@example.com,East,Government,2022-09-29,Silver
CUST0169,Mark Wright,customer169@example.com,West,SMB,2021-11-11,Platinum
CUST0170,Ashley Lee,customer170@example.com,South,Corporate,2022-02-23,Silver
CUST0171,Rebecca Clark,customer171@example.com,North,SMB,2022-08-26,Platinum
CUST0172,Matthew Nelson,customer172@example.com,South,Enterprise,2020-03-16,Silver
CUST0173,Steven Nguyen,customer173@example.com,East,Retail,2022-06-20,Bronze
CUST0174,Donna Robinson,customer174@example.com,North,Corporate,2022-04-19,Silver
CUST0175,Robert Walker,customer175@example.com,East,SMB,2022-03-25,Bronze
CUST0176,Nancy Baker,customer176@example.com,Central,Enterprise,2021-10-10,Platinum
CUST0177,Paul Williams,customer177@example.com,Central,Retail,2021-04-25,Gold
CUST0178,Joseph Mitchell,customer178@example.com,North,Enterprise,2020-07-20,Bronze
CUST0179,Mark Hernandez,customer179@example.com,East,Retail,2020-04-04,Gold
CUST0180,Patricia Jackson,customer180@example.com,East,SMB,2022-06-01,Silver
CUST0181,Sarah King,customer181@example.com,West,Government,2021-01-03,Silver
CUST0182,Susan Garcia,customer182@example.com,Central,Enterprise,2021-05-08,Platinum
CUST0183,Michelle Martinez,customer183@example.com,South,Enterprise,2021-06-04,Platinum
CUST0184,Thomas Nelson,customer184@example.com,North,Enterprise,2021-08-12,Silver
CUST0185,Robert Lewis,customer185@example.com,East,Government,2021-09-04,Platinum
CUST0186,Brian Taylor,customer186@example.com,West,SMB,2021-02-11,Platinum
CUST0187,Donald Miller,customer187@example.com,South,Enterprise,2022-01-05,Gold
CUST0188,Brian Jackson,customer188@example.com,North,Enterprise,2021-07-16,Bronze
CUST0189,Andrew Baker,customer189@example.com,North,Government,2022-10-14,Gold
CUST0190,Rebecca Anderson,customer190@example.com,Central,SMB,2021-03-24,Silver
CUST0191,Amanda Taylor,customer191@example.com,South,Retail,2020-03-21,Gold
CUST0192,Mark Williams,customer192@example.com,Central,SMB,2020-09-26,Bronze
CUST0193,Charles Lee,customer193@example.com,West,Corporate,2021-02-15,Silver
CUST0194,Paul White,customer194@example.com,Central,Government,2021-07-12,Silver
CUST0195,Thomas Walker,customer195@example.com,East,SMB,2020-08-23,Platinum
CUST0196,Robert Martinez,customer196@example.com,South,Enterprise,2022-01-19,Bronze
CUST0197,Margaret Smith,customer197@example.com,East,Government,2020-09-10,Platinum
CUST0198,Betty Baker,customer198@example.com,East,Government,2022-02-19,Gold
CUST0199,Michael Baker,customer199@example.com,South,Enterprise,2020-02-21,Gold
CUST0200,Amanda Anderson,customer200@example.com,North,Enterprise,2021-09-10,Platinum
CUST0201,Linda Rodriguez,customer201@example.com,North,Retail,2021-09-15,Platinum
CUST0202,Linda Miller,customer202@example.com,South,Government,2020-10-04,Platinum
CUST0203,Ashley White,customer203@example.com,Central,Enterprise,2020-11-12,Platinum
CUST0204,Dorothy Miller,customer204@example.com,West,Government,2022-04-15,Gold
CUST0205,John Hall,customer205@example.com,East,Corporate,2022-06-27,Platinum
CUST0206,Sarah White,customer206@example.com,North,SMB,2022-01-04,Bronze
CUST0207,Margaret Moore,customer207@example.com,South,Retail,2022-07-20,Bronze
CUST0208,Kevin Wilson,customer208@example.com,Central,Retail,2020-04-13,Gold
CUST0209,Sarah Rodriguez,customer209@example.com,Central,Corporate,2020-05-20,Silver
CUST0210,Michelle Wilson,customer210@example.com,South,SMB,2020-10-29,Bronze
CUST0211,Karen Martinez,customer211@example.com,South,Government,2021-05-28,Silver
CUST0212,Linda Nelson,customer212@example.com,North,Corporate,2020-01-31,Gold
CUST0213,Sarah Nguyen,customer213@example.com,East,Retail,2020-12-22,Gold
CUST0214,Patricia Rodriguez,customer214@example.com,West,Government,2020-08-20,Bronze
CUST0215,Donald Lewis,customer215@example.com,East,Government,2020-08-11,Platinum
CUST0216,Steven Anderson,customer216@example.com,Central,Retail,2022-12-03,Gold
CUST0217,Ashley Adams,customer217@example.com,North,Retail,2022-09-07,Platinum
CUST0218,Sandra Baker,customer218@example.com,North,Enterprise,2022-06-27,Bronze
CUST0219,Jennifer Lee,customer219@example.com,Central,Corporate,2020-05-14,Silver
CUST0220,Karen Flores,customer220@example.com,Central,Government,2021-10-27,Platinum
CUST0221,Joshua King,customer221@example.com,East,Enterprise,2022-11-01,Platinum
CUST0222,Michael Hall,customer222@example.com,North,Government,2021-03-16,Platinum
CUST0223,Mark Anderson,customer223@example.com,West,SMB,2022-07-17,Platinum
CUST0224,Anthony Campbell,customer224@example.com,North,SMB,2022-05-24,Gold
CUST0225,Kevin Taylor,customer225@example.com,East,Corporate,2022-08-29,Bronze
CUST0226,Jennifer Garcia,customer226@example.com,North,Enterprise,2020-07-16,Gold
CUST0227,William Scott,customer227@example.com,North,Government,2021-11-06,Bronze
CUST0228,Anthony Thompson,customer228@example.com,West,Retail,2021-08-12,Gold
CUST0229,Daniel Miller,customer229@example.com,Central,Government,2021-03-11,Silver
CUST0230,Kevin Walker,customer230@example.com,South,Retail,2021-12-18,Gold
CUST0231,Linda Carter,customer231@example.com,East,Government,2021-04-08,Platinum
CUST0232,Carol Roberts,customer232@example.com,Central,Government,2020-02-23,Gold
CUST0233,Mary Lopez,customer233@example.com,East,SMB,2021-11-26,Gold
CUST0234,James Lopez,customer234@example.com,South,Government,2022-03-31,Bronze
CUST0235,Barbara Mitchell,customer235@example.com,North,Retail,2022-12-22,Silver
CUST0236,Matthew Clark,customer236@example.com,West,SMB,2020-11-18,Gold
CUST0237,Lisa Campbell,customer237@example.com,East,Government,2020-06-22,Bronze
CUST0238,Barbara Hernandez,customer238@example.com,Central,Retail,2020-06-16,Gold
CUST0239,Mark Nelson,customer239@example.com,West,Enterprise,2022-06-24,Platinum
CUST0240,Karen Wilson,customer240@example.com,Central,Retail,2021-12-07,Platinum
CUST0241,Linda Jackson,customer241@example.com,Central,Enterprise,2022-12-15,Gold
CUST0242,John Anderson,customer242@example.com,West,Government,2020-04-22,Bronze
CUST0243,Jessica Martin,customer243@example.com,South,Corporate,2021-06-07,Gold
CUST0244,Christopher Davis,customer244@example.com,North,Enterprise,2022-05-31,Silver
CUST0245,William Harris,customer245@example.com,Central,Corporate,2022-10-21,Gold
CUST0246,Robert Sanchez,customer246@example.com,North,Enterprise,2020-02-08,Platinum
CUST0247,Robert Lee,customer247@example.com,Central,Enterprise,2022-04-08,Platinum
CUST0248,Charles Davis,customer248@example.com,West,Retail,2021-10-27,Silver
CUST0249,Amanda Robinson,customer249@example.com,East,Retail,2022-06-13,Bronze
CUST0250,Sarah Ramirez,customer250@example.com,Central,Enterprise,2022-12-09,Bronze
CUST0251,Margaret Martin,customer251@example.com,East,Corporate,2021-11-13,Silver
CUST0252,Robert Allen,customer252@example.com,North,Government,2022-11-10,Silver
CUST0253,Rebecca Thompson,customer253@example.com,East,Corporate,2021-04-28,Bronze
CUST0254,Barbara Taylor,customer254@example.com,South,Corporate,2020-11-09,Bronze
CUST0255,Susan Roberts,customer255@example.com,West,Enterprise,2022-07-08,Gold
CUST0256,Kenneth Lee,customer256@example.com,South,Enterprise,2020-05-19,Platinum
CUST0257,Mark Green,customer257@example.com,East,SMB,2020-04-25,Gold
CUST0258,Steven Jones,customer258@example.com,East,Enterprise,2022-07-14,Bronze
CUST0259,Patricia White,customer259@example.com,East,Retail,2020-07-03,Platinum
CUST0260,Ashley Nguyen,customer260@example.com,Central,Retail,2022-07-10,Silver
CUST0261,Christopher Hill,customer261@example.com,West,Government,2020-11-04,Bronze
CUST0262,Mark Miller,customer262@example.com,East,Retail,2022-10-30,Silver
CUST0263,John Thomas,customer263@example.com,West,Enterprise,2022-12-09,Silver
CUST0264,Betty White,customer264@example.com,East,Enterprise,2022-04-17,Gold
CUST0265,Melissa Hill,customer265@example.com,North,SMB,2020-05-14,Gold
CUST0266,Michael Scott,customer266@example.com,West,SMB,2021-05-31,Silver
CUST0267,Nancy Garcia,customer267@example.com,Central,Corporate,2021-12-17,Gold
CUST0268,Dorothy Hall,customer268@example.com,West,Corporate,2020-06-22,Gold
CUST0269,Carol Harris,customer269@example.com,East,Corporate,2022-12-14,Bronze
CUST0270,Dorothy Nelson,customer270@example.com,West,Government,2022-01-11,Bronze
CUST0271,Betty Martin,customer271@example.com,South,Corporate,2021-11-30,Platinum
CUST0272,Richard Anderson,customer272@example.com,South,Corporate,2020-06-07,Gold
CUST0273,Michael Allen,customer273@example.com,Central,Government,2020-03-18,Gold
CUST0274,Rebecca Flores,customer274@example.com,South,Government,2022-02-10,Silver
CUST0275,David Lopez,customer275@example.com,Central,Corporate,2022-06-15,Bronze
CUST0276,Anthony White,customer276@example.com,South,Enterprise,2021-08-06,Platinum
CUST0277,Joseph Wright,customer277@example.com,South,SMB,2022-08-18,Silver
CUST0278,Betty Baker,customer278@example.com,Central,Enterprise,2022-08-03,Gold
CUST0279,Rebecca Harris,customer279@example.com,Central,Government,2022-05-07,Silver
CUST0280,Richard Hill,customer280@example.com,South,SMB,2020-04-16,Platinum
CUST0281,Betty Scott,customer281@example.com,North,Government,2020-09-12,Gold
CUST0282,Jennifer Carter,customer282@example.com,South,SMB,2022-07-09,Silver
CUST0283,Sandra Garcia,customer283@example.com,South,Enterprise,2021-12-16,Bronze
CUST0284,Anthony Brown,customer284@example.com,West,Government,2022-02-04,Silver
CUST0285,Matthew Garcia,customer285@example.com,East,Corporate,2020-02-27,Gold
CUST0286,Michael Rivera,customer286@example.com,East,Corporate,2020-10-08,Bronze
CUST0287,Charles Walker,customer287@example.com,South,Enterprise,2022-07-07,Bronze
CUST0288,Jennifer Johnson,customer288@example.com,East,Corporate,2020-11-02,Platinum
CUST0289,Linda Roberts,customer289@example.com,East,Corporate,2021-09-08,Bronze
CUST0290,Patricia Thomas,customer290@example.com,West,Government,2022-07-25,Bronze
CUST0291,Linda Young,customer291@example.com,Central,Government,2020-02-03,Silver
CUST0292,Deborah Martinez,customer292@example.com,East,Enterprise,2020-01-04,Gold
CUST0293,Sarah Torres,customer293@example.com,West,Corporate,2020-06-24,Gold
CUST0294,Robert King,customer294@example.com,Central,Government,2022-11-05,Bronze
CUST0295,Matthew Walker,customer295@example.com,North,Enterprise,2022-02-03,Gold
CUST0296,Stephanie Johnson,customer296@example.com,East,Retail,2021-12-07,Silver
CUST0297,George Nelson,customer297@example.com,North,Government,2021-11-11,Silver
CUST0298,John Thompson,customer298@example.com,Central,SMB,2020-12-24,Platinum
CUST0299,Brian Walker,customer299@example.com,South,Corporate,2020-05-09,Platinum
CUST0300,John Jackson,customer300@example.com,South,Retail,2021-02-12,Bronze
CUST0301,Christopher Martin,customer301@example.com,Central,Enterprise,2022-08-27,Gold
CUST0302,John Carter,customer302@example.com,South,SMB,2022-01-01,Bronze
CUST0303,Dorothy Perez,customer303@example.com,East,Retail,2022-01-23,Platinum
CUST0304,Margaret Mitchell,customer304@example.com,West,Enterprise,2021-11-25,Silver
CUST0305,Emily Hall,customer305@example.com,West,SMB,2022-11-29,Gold
CUST0306,Jennifer Campbell,customer306@example.com,West,Retail,2022-05-31,Silver
CUST0307,Paul Jackson,customer307@example.com,East,Retail,2020-06-12,Gold
CUST0308,Kevin Jackson,customer308@example.com,East,Enterprise,2022-05-22,Silver
CUST0309,Brian Lewis,customer309@example.com,East,Enterprise,2020-03-27,Gold
CUST0310,Amanda Ramirez,customer310@example.com,East,Retail,2020-06-02,Platinum
CUST0311,Betty Allen,customer311@example.com,South,Retail,2020-10-19,Platinum
CUST0312,John Rodriguez,customer312@example.com,North,Corporate,2022-01-20,Gold
CUST0313,Matthew Torres,customer313@example.com,North,Government,2020-11-10,Platinum
CUST0314,Betty White,customer314@example.com,West,Retail,2020-10-08,Gold
CUST0315,Margaret Lee,customer315@example.com,East,Corporate,2020-08-20,Bronze
CUST0316,Stephanie Lopez,customer316@example.com,West,Government,2022-03-03,Bronze
CUST0317,Thomas Roberts,customer317@example.com,East,Enterprise,2021-03-15,Gold
CUST0318,Brian Young,customer318@example.com,South,Retail,2020-10-04,Bronze
CUST0319,Mark Lopez,customer319@example.com,West,Retail,2021-10-16,Gold
CUST0320,Deborah Jones,customer320@example.com,Central,Government,2021-08-17,Gold
CUST0321,David Rivera,customer321@example.com,South,SMB,2022-11-07,Silver
CUST0322,Linda Gonzalez,customer322@example.com,South,Corporate,2022-10-08,Bronze
CUST0323,Betty Scott,customer323@example.com,Central,SMB,2022-08-15,Silver
CUST0324,Amanda Garcia,customer324@example.com,North,SMB,2022-03-26,Platinum
CUST0325,Donna Clark,customer325@example.com,West,Government,2020-05-31,Silver
CUST0326,Christopher Adams,customer326@example.com,North,Enterprise,2022-08-12,Gold
CUST0327,William Roberts,customer327@example.com,Central,Government,2021-01-07,Silver
CUST0328,Sandra Allen,customer328@example.com,North,Retail,2022-11-27,Silver
CUST0329,Lisa Hernandez,customer329@example.com,South,SMB,2021-04-06,Gold
CUST0330,Donna Jackson,customer330@example.com,North,SMB,2021-02-06,Gold
CUST0331,William Green,customer331@example.com,East,Government,2022-12-28,Bronze
CUST0332,Steven Adams,customer332@example.com,South,Government,2020-11-11,Silver
CUST0333,Kevin Flores,customer333@example.com,Central,SMB,2020-03-25,Bronze
CUST0334,Jennifer Williams,customer334@example.com,Central,SMB,2021-03-07,Platinum
CUST0335,Amanda Green,customer335@example.com,North,Enterprise,2021-08-16,Gold
CUST0336,Donald Thomas,customer336@example.com,West,SMB,2022-07-17,Bronze
CUST0337,Brian Brown,customer337@example.com,South,Enterprise,2022-05-01,Platinum
CUST0338,Ashley Wilson,customer338@example.com,East,Government,2020-10-21,Gold
CUST0339,Deborah Lee,customer339@example.com,East,Enterprise,2020-09-24,Gold
CUST0340,Steven Scott,customer340@example.com,North,SMB,2021-05-10,Platinum
CUST0341,Linda Moore,customer341@example.com,West,Corporate,2020-10-15,Bronze
CUST0342,Patricia Jackson,customer342@example.com,West,Government,2022-05-06,Silver
CUST0343,David Lee,customer343@example.com,Central,SMB,2021-01-23,Silver
CUST0344,Emily Allen,customer344@example.com,West,Enterprise,2021-09-23,Platinum
CUST0345,Mary Garcia,customer345@example.com,West,Government,2022-07-25,Silver
CUST0346,Jessica Nguyen,customer346@example.com,East,Retail,2020-04-13,Gold
CUST0347,Emily Hill,customer347@example.com,West,SMB,2020-01-17,Bronze
CUST0348,Sandra Rodriguez,customer348@example.com,East,SMB,2022-04-05,Gold
CUST0349,John Sanchez,customer349@example.com,North,Government,2021-02-02,Gold
CUST0350,Carol Jackson,customer350@example.com,North,Enterprise,2022-10-29,Platinum
CUST0351,Timothy Scott,customer351@example.com,East,Government,2020-08-31,Silver
CUST0352,Michael Sanchez,customer352@example.com,East,SMB,2022-01-18,Silver
CUST0353,Richard Hill,customer353@example.com,Central,Enterprise,2022-10-21,Bronze
CUST0354,John Williams,customer354@example.com,South,SMB,2022-08-28,Platinum
CUST0355,Barbara Hill,customer355@example.com,Central,Corporate,2021-11-02,Gold
CUST0356,David Sanchez,customer356@example.com,Central,SMB,2021-11-19,Platinum
CUST0357,Deborah Torres,customer357@example.com,East,Enterprise,2020-02-04,Gold
CUST0358,Nancy Baker,customer358@example.com,North,Enterprise,2021-09-22,Bronze
CUST0359,Joshua Walker,customer359@example.com,East,Government,2021-04-11,Bronze
CUST0360,Michelle Walker,customer360@example.com,South,Government,2022-02-17,Silver
CUST0361,Melissa Thomas,customer361@example.com,North,Government,2020-08-13,Silver
CUST0362,Mary Lewis,customer362@example.com,East,Enterprise,2020-11-06,Platinum
CUST0363,Brian Wilson,customer363@example.com,West,Government,2022-08-23,Bronze
CUST0364,Deborah Rodriguez,customer364@example.com,Central,Corporate,2021-10-27,Platinum
CUST0365,Donna Harris,customer365@example.com,East,Corporate,2022-07-30,Gold
CUST0366,Paul Thompson,customer366@example.com,East,Government,2022-09-18,Silver
CUST0367,Sarah Moore,customer367@example.com,Central,SMB,2021-04-05,Gold
CUST0368,Rebecca Jackson,customer368@example.com,South,Enterprise,2021-10-11,Platinum
CUST0369,Daniel Scott,customer369@example.com,East,SMB,2020-09-06,Platinum
CUST0370,Margaret Thompson,customer370@example.com,South,SMB,2020-03-27,Gold
CUST0371,Deborah Garcia,customer371@example.com,East,Enterprise,2021-06-09,Platinum
CUST0372,Jessica Gonzalez,customer372@example.com,Central,SMB,2021-07-10,Silver
CUST0373,Michael Flores,customer373@example.com,Central,Corporate,2021-05-11,Bronze
CUST0374,Kevin King,customer374@example.com,South,Corporate,2020-04-17,Bronze
CUST0375,Anthony Perez,customer375@example.com,West,Retail,2020-10-08,Bronze
CUST0376,Carol Hernandez,customer376@example.com,West,Enterprise,2022-09-04,Silver
CUST0377,Timothy Jackson,customer377@example.com,East,SMB,2020-05-01,Bronze
CUST0378,Dorothy Torres,customer378@example.com,South,Government,2020-03-17,Silver
CUST0379,Anthony Lopez,customer379@example.com,North,Enterprise,2022-10-11,Silver
CUST0380,Stephanie Jackson,customer380@example.com,North,Retail,2021-09-03,Bronze
CUST0381,Nancy Jackson,customer381@example.com,West,Government,2022-12-09,Platinum
CUST0382,William Allen,customer382@example.com,West,SMB,2021-01-29,Bronze
CUST0383,Nancy Hernandez,customer383@example.com,West,SMB,2021-01-16,Bronze
CUST0384,Stephanie Perez,customer384@example.com,East,Government,2021-01-30,Silver
CUST0385,Amanda Green,customer385@example.com,West,Enterprise,2022-11-21,Gold
CUST0386,Jennifer Sanchez,customer386@example.com,North,Corporate,2020-10-14,Platinum
CUST0387,Christopher Thomas,customer387@example.com,North,SMB,2022-02-24,Silver
CUST0388,Mark Carter,customer388@example.com,East,SMB,2021-09-10,Bronze
CUST0389,Thomas Adams,customer389@example.com,East,Corporate,2020-05-07,Bronze
CUST0390,Ashley Martin,customer390@example.com,South,Enterprise,2022-10-26,Gold
CUST0391,Brian Davis,customer391@example.com,East,SMB,2021-03-28,Silver
CUST0392,William Walker,customer392@example.com,South,Enterprise,2022-02-04,Platinum
CUST0393,Brian Scott,customer393@example.com,West,Government,2021-03-23,Silver
CUST0394,Melissa Carter,customer394@example.com,Central,Retail,2022-12-12,Platinum
CUST0395,Donna Rivera,customer395@example.com,East,Retail,2020-08-17,Bronze
CUST0396,Carol Allen,customer396@example.com,South,Government,2020-11-02,Silver
CUST0397,Christopher King,customer397@example.com,West,Retail,2021-02-24,Platinum
CUST0398,Jennifer Allen,customer398@example.com,West,Retail,2022-07-17,Silver
CUST0399,Steven Clark,customer399@example.com,West,Government,2020-04-28,Platinum
CUST0400,Melissa Martin,customer400@example.com,North,Enterprise,2021-06-05,Bronze
CUST0401,Stephanie Wilson,customer401@example.com,Central,Retail,2020-04-02,Platinum
CUST0402,Daniel Hall,customer402@example.com,North,Government,2020-05-03,Bronze
CUST0403,Donald Williams,customer403@example.com,East,Enterprise,2021-01-03,Silver
CUST0404,Rebecca Adams,customer404@example.com,West,SMB,2022-02-22,Platinum
CUST0405,Matthew Harris,customer405@example.com,North,Government,2020-09-29,Gold
CUST0406,Linda Lopez,customer406@example.com,Central,Enterprise,2022-12-19,Silver
CUST0407,George Anderson,customer407@example.com,North,Retail,2021-09-03,Platinum
CUST0408,Melissa Campbell,customer408@example.com,Central,Enterprise,2022-12-25,Platinum
CUST0409,Joseph Thomas,customer409@example.com,West,SMB,2020-11-13,Gold
CUST0410,Richard Campbell,customer410@example.com,North,Retail,2022-05-08,Bronze
CUST0411,Sarah Wilson,customer411@example.com,North,Retail,2020-03-09,Platinum
CUST0412,Joshua Baker,customer412@example.com,North,Corporate,2020-03-31,Platinum
CUST0413,Mark Anderson,customer413@example.com,Central,Corporate,2020-04-25,Silver
CUST0414,Steven Jackson,customer414@example.com,South,Government,2021-10-15,Gold
CUST0415,Sarah Martin,customer415@example.com,South,Government,2021-03-28,Platinum
CUST0416,Lisa Moore,customer416@example.com,North,Government,2020-12-24,Platinum
CUST0417,Carol Young,customer417@example.com,North,SMB,2022-02-19,Gold
CUST0418,Brian Clark,customer418@example.com,West,Corporate,2021-09-06,Platinum
CUST0419,Susan Carter,customer419@example.com,Central,Enterprise,2021-05-08,Silver
CUST0420,Lisa Rivera,customer420@example.com,South,Enterprise,2020-04-28,Platinum
CUST0421,Anthony Scott,customer421@example.com,Central,Corporate,2022-03-06,Silver
CUST0422,Thomas Wilson,customer422@example.com,East,Retail,2022-07-10,Gold
CUST0423,Jennifer Wright,customer423@example.com,South,Retail,2021-07-03,Platinum
CUST0424,Melissa Hill,customer424@example.com,Central,Retail,2020-05-29,Silver
CUST0425,Timothy Nguyen,customer425@example.com,Central,Corporate,2022-09-08,Silver
CUST0426,Nancy Martin,customer426@example.com,North,Corporate,2021-01-24,Bronze
CUST0427,Stephanie Carter,customer427@example.com,West,Corporate,2021-02-22,Platinum
CUST0428,Sarah Scott,customer428@example.com,East,SMB,2022-02-18,Platinum
CUST0429,Paul Adams,customer429@example.com,East,SMB,2021-06-19,Gold
CUST0430,Steven Young,customer430@example.com,West,Retail,2022-08-19,Gold
CUST0431,Jessica White,customer431@example.com,East,Enterprise,2020-04-03,Silver
CUST0432,Stephanie Martinez,customer432@example.com,North,SMB,2022-05-05,Gold
CUST0433,Barbara Gonzalez,customer433@example.com,East,Corporate,2022-02-16,Silver
CUST0434,Emily Scott,customer434@example.com,East,SMB,2022-09-27,Platinum
CUST0435,Ashley Hernandez,customer435@example.com,East,Corporate,2020-10-13,Platinum
CUST0436,Susan Wright,customer436@example.com,North,Government,2020-03-10,Bronze
CUST0437,Kevin Brown,customer437@example.com,North,Enterprise,2020-10-08,Silver
CUST0438,Robert Rivera,customer438@example.com,South,Retail,2021-03-23,Platinum
CUST0439,Betty Brown,customer439@example.com,Central,Government,2022-09-16,Platinum
CUST0440,Mary Smith,customer440@example.com,Central,Government,2022-04-22,Bronze
CUST0441,Mary King,customer441@example.com,East,Government,2021-08-10,Bronze
CUST0442,Steven Hall,customer442@example.com,West,Corporate,2020-08-07,Bronze
CUST0443,Donna Martinez,customer443@example.com,South,Corporate,2022-12-14,Gold
CUST0444,Daniel Moore,customer444@example.com,West,Retail,2022-02-03,Platinum
CUST0445,Ashley Torres,customer445@example.com,South,Corporate,2021-09-06,Bronze
CUST0446,Dorothy Adams,customer446@example.com,North,Retail,2022-04-10,Platinum
CUST0447,Matthew Scott,customer447@example.com,West,Retail,2020-01-20,Silver
CUST0448,Jennifer Young,customer448@example.com,West,SMB,2020-07-14,Bronze
CUST0449,Joseph Wilson,customer449@example.com,Central,Enterprise,2021-07-09,Bronze
CUST0450,Robert Baker,customer450@example.com,East,Government,2020-03-08,Silver
CUST0451,Christopher Johnson,customer451@example.com,South,Government,2020-10-22,Platinum
CUST0452,Robert Martin,customer452@example.com,South,Government,2021-05-07,Platinum
CUST0453,Melissa Wright,customer453@example.com,East,Enterprise,2020-10-13,Bronze
CUST0454,Steven Mitchell,customer454@example.com,East,Retail,2020-07-19,Platinum
CUST0455,Joseph Jones,customer455@example.com,East,Government,2022-03-23,Gold
CUST0456,Mary Green,customer456@example.com,East,Enterprise,2022-10-01,Silver
CUST0457,Daniel Scott,customer457@example.com,West,Enterprise,2021-01-15,Platinum
CUST0458,Jennifer Roberts,customer458@example.com,Central,SMB,2021-05-19,Bronze
CUST0459,Jennifer Moore,customer459@example.com,South,Enterprise,2020-11-11,Platinum
CUST0460,Christopher White,customer460@example.com,North,Retail,2020-01-11,Gold
CUST0461,Mark White,customer461@example.com,East,Retail,2020-09-28,Bronze
CUST0462,Susan Ramirez,customer462@example.com,West,Government,2022-11-15,Platinum
CUST0463,Michael Johnson,customer463@example.com,North,SMB,2020-07-09,Gold
CUST0464,Matthew Smith,customer464@example.com,East,Enterprise,2022-03-05,Bronze
CUST0465,George Scott,customer465@example.com,South,Government,2022-12-03,Silver
CUST0466,Melissa Harris,customer466@example.com,South,Corporate,2021-07-04,Gold
CUST0467,Karen Young,customer467@example.com,South,Retail,2020-12-08,Platinum
CUST0468,Karen Clark,customer468@example.com,East,Enterprise,2020-06-06,Gold
CUST0469,Thomas Thomas,customer469@example.com,West,Government,2021-02-04,Platinum
CUST0470,Michael Rodriguez,customer470@example.com,East,Retail,2022-03-21,Gold
CUST0471,Amanda Harris,customer471@example.com,East,Enterprise,2021-11-16,Platinum
CUST0472,Dorothy Hill,customer472@example.com,South,SMB,2021-10-18,Silver
CUST0473,Donald Lee,customer473@example.com,South,Enterprise,2021-10-15,Gold
CUST0474,Stephanie Hall,customer474@example.com,West,Government,2021-05-11,Gold
CUST0475,Matthew Moore,customer475@example.com,West,SMB,2020-08-21,Silver
CUST0476,Michelle Wright,customer476@example.com,South,Government,2020-02-25,Platinum
CUST0477,Deborah Wilson,customer477@example.com,West,SMB,2020-05-21,Platinum
CUST0478,Melissa Young,customer478@example.com,South,SMB,2021-05-10,Gold
CUST0479,Kevin Martinez,customer479@example.com,West,Enterprise,2020-05-31,Platinum
CUST0480,Joshua Walker,customer480@example.com,Central,Enterprise,2022-12-30,Platinum
CUST0481,Paul Williams,customer481@example.com,East,Government,2020-06-23,Bronze
CUST0482,Rebecca Thomas,customer482@example.com,East,Corporate,2020-03-31,Platinum
CUST0483,Timothy Perez,customer483@example.com,West,Retail,2020-01-22,Bronze
CUST0484,Thomas Anderson,customer484@example.com,Central,Government,2021-03-28,Platinum
CUST0485,Betty Sanchez,customer485@example.com,West,Government,2022-10-21,Silver
CUST0486,Daniel Johnson,customer486@example.com,West,Retail,2021-08-28,Platinum
CUST0487,Jennifer Davis,customer487@example.com,South,SMB,2021-09-30,Gold
CUST0488,Ashley Wilson,customer488@example.com,Central,Enterprise,2021-12-14,Platinum
CUST0489,Michael Lewis,customer489@example.com,West,SMB,2020-05-17,Gold
CUST0490,John Rivera,customer490@example.com,North,Retail,2021-12-03,Bronze
CUST0491,Melissa Hernandez,customer491@example.com,South,Government,2020-12-23,Silver
CUST0492,Nancy Scott,customer492@example.com,West,Enterprise,2021-04-19,Platinum
CUST0493,Kenneth Lopez,customer493@example.com,South,Enterprise,2022-03-21,Bronze
CUST0494,Stephanie Flores,customer494@example.com,South,Enterprise,2022-05-29,Platinum
CUST0495,James Rivera,customer495@example.com,South,Corporate,2021-07-24,Bronze
CUST0496,Andrew Miller,customer496@example.com,Central,Corporate,2022-01-19,Gold
CUST0497,Richard Robinson,customer497@example.com,North,SMB,2022-09-29,Gold
CUST0498,Joshua Harris,customer498@example.com,Central,Enterprise,2020-08-21,Gold
CUST0499,Daniel Robinson,customer499@example.com,Central,Corporate,2021-09-01,Bronze
CUST0500,Melissa Rodriguez,customer500@example.com,East,Retail,2021-05-03,Gold
CUST0501,Linda Lopez,customer501@example.com,East,Corporate,2022-11-12,Platinum
CUST0502,Anthony Hill,customer502@example.com,South,Government,2022-02-24,Platinum
CUST0503,Susan Young,customer503@example.com,Central,Corporate,2020-12-07,Platinum
CUST0504,Charles Rodriguez,customer504@example.com,South,SMB,2022-07-12,Bronze
CUST0505,Daniel Smith,customer505@example.com,West,Corporate,2021-02-03,Platinum
CUST0506,Carol Allen,customer506@example.com,West,Enterprise,2022-10-04,Platinum
CUST0507,Deborah Lewis,customer507@example.com,West,Corporate,2020-06-18,Bronze
CUST0508,Timothy Anderson,customer508@example.com,East,Retail,2021-07-16,Silver
CUST0509,Paul Jackson,customer509@example.com,South,Enterprise,2022-10-11,Bronze
CUST0510,Andrew Davis,customer510@example.com,East,Government,2022-01-21,Bronze
CUST0511,Timothy Campbell,customer511@example.com,West,Government,2021-03-23,Platinum
CUST0512,Michael Mitchell,customer512@example.com,South,SMB,2020-03-07,Platinum
CUST0513,Thomas Thompson,customer513@example.com,North,Enterprise,2020-08-28,Silver
CUST0514,Jessica Mitchell,customer514@example.com,Central,SMB,2022-05-26,Silver
CUST0515,Amanda Rodriguez,customer515@example.com,South,Corporate,2020-05-01,Gold
CUST0516,Paul Moore,customer516@example.com,Central,Government,2020-12-10,Gold
CUST0517,Deborah Jackson,customer517@example.com,East,Government,2021-07-01,Bronze
CUST0518,William Carter,customer518@example.com,West,Retail,2021-07-21,Silver
CUST0519,Brian Rodriguez,customer519@example.com,South,Corporate,2021-10-21,Silver
CUST0520,Timothy Baker,customer520@example.com,West,Enterprise,2020-10-18,Gold
CUST0521,Kenneth Clark,customer521@example.com,West,Enterprise,2020-06-03,Bronze
CUST0522,Margaret Allen,customer522@example.com,East,SMB,2022-07-20,Platinum
CUST0523,Christopher Nguyen,customer523@example.com,North,Retail,2022-07-27,Gold
CUST0524,Robert Wright,customer524@example.com,West,Corporate,2022-05-29,Silver
CUST0525,Emily Moore,customer525@example.com,East,SMB,2021-11-22,Silver
CUST0526,Andrew Young,customer526@example.com,East,Retail,2020-04-04,Bronze
CUST0527,Kenneth Robinson,customer527@example.com,North,Retail,2020-11-19,Platinum
CUST0528,Ashley Smith,customer528@example.com,West,Corporate,2020-09-27,Gold
CUST0529,David Moore,customer529@example.com,North,SMB,2021-05-27,Bronze
CUST0530,Betty Nelson,customer530@example.com,South,Retail,2022-03-22,Gold
CUST0531,George Hall,customer531@example.com,South,Enterprise,2020-07-05,Bronze
CUST0532,James Wilson,customer532@example.com,West,Retail,2020-09-28,Silver
CUST0533,Donna Baker,customer533@example.com,West,Retail,2020-01-17,Gold
CUST0534,Linda Ramirez,customer534@example.com,South,Enterprise,2020-05-25,Silver
CUST0535,Matthew Garcia,customer535@example.com,North,Retail,2021-10-03,Gold
CUST0536,Lisa Rodriguez,customer536@example.com,West,Corporate,2020-10-19,Bronze
CUST0537,Donna Torres,customer537@example.com,North,Government,2020-12-02,Platinum
CUST0538,Daniel Campbell,customer538@example.com,South,Corporate,2022-04-23,Platinum
CUST0539,Jessica Garcia,customer539@example.com,North,Corporate,2020-09-09,Platinum
CUST0540,Daniel Ramirez,customer540@example.com,East,Corporate,2021-05-22,Gold
CUST0541,Dorothy Garcia,customer541@example.com,South,Government,2021-08-06,Bronze
CUST0542,Kevin Martin,customer542@example.com,South,Government,2022-11-09,Silver
CUST0543,Stephanie Sanchez,customer543@example.com,East,Retail,2021-05-05,Platinum
CUST0544,Matthew Davis,customer544@example.com,South,Enterprise,2020-05-25,Bronze
CUST0545,Betty Lee,customer545@example.com,South,Enterprise,2022-05-11,Gold
CUST0546,Paul Baker,customer546@example.com,South,Enterprise,2020-05-29,Bronze
CUST0547,Michelle Jones,customer547@example.com,North,SMB,2021-03-17,Bronze
CUST0548,Patricia Sanchez,customer548@example.com,Central,SMB,2022-10-23,Platinum
CUST0549,Sandra Hall,customer549@example.com,West,Retail,2020-11-08,Gold
CUST0550,Jennifer Martin,customer550@example.com,North,Government,2021-02-20,Silver
CUST0551,Paul Lee,customer551@example.com,West,Government,2020-05-15,Gold
CUST0552,Brian Ramirez,customer552@example.com,South,Retail,2021-05-15,Bronze
CUST0553,Sandra Davis,customer553@example.com,West,Government,2020-04-22,Gold
CUST0554,Kevin Mitchell,customer554@example.com,South,Retail,2020-01-26,Silver
CUST0555,Brian Smith,customer555@example.com,South,Enterprise,2021-12-11,Gold
CUST0556,David White,customer556@example.com,South,SMB,2020-08-29,Bronze
CUST0557,Nancy Ramirez,customer557@example.com,East,Government,2020-05-10,Gold
CUST0558,Deborah Torres,customer558@example.com,North,Enterprise,2022-07-21,Gold
CUST0559,Patricia Young,customer559@example.com,Central,Corporate,2022-01-23,Silver
CUST0560,Thomas Roberts,customer560@example.com,North,Government,2020-08-24,Silver
CUST0561,Stephanie Allen,customer561@example.com,North,Retail,2020-01-26,Silver
CUST0562,John Walker,customer562@example.com,East,Enterprise,2020-11-03,Silver
CUST0563,John Scott,customer563@example.com,West,Corporate,2021-10-21,Silver
CUST0564,Anthony Campbell,customer564@example.com,East,SMB,2020-06-08,Gold
CUST0565,Linda Allen,customer565@example.com,North,Corporate,2021-04-02,Bronze
CUST0566,Margaret Jones,customer566@example.com,West,SMB,2021-09-28,Gold
CUST0567,Jennifer Scott,customer567@example.com,West,Retail,2022-01-25,Silver
CUST0568,Charles Torres,customer568@example.com,East,Government,2021-05-11,Platinum
CUST0569,Betty Nguyen,customer569@example.com,West,Corporate,2021-05-17,Silver
CUST0570,James Clark,customer570@example.com,North,Corporate,2021-12-10,Bronze
CUST0571,Nancy Smith,customer571@example.com,West,SMB,2020-07-31,Silver
CUST0572,Donna Thomas,customer572@example.com,West,Enterprise,2020-05-02,Silver
CUST0573,Deborah Moore,customer573@example.com,North,Retail,2021-04-19,Platinum
CUST0574,Brian White,customer574@example.com,West,Retail,2020-07-14,Silver
CUST0575,Kenneth Sanchez,customer575@example.com,North,Government,2020-05-07,Platinum
CUST0576,Kevin Rodriguez,customer576@example.com,South,SMB,2021-06-18,Gold
CUST0577,Margaret Hall,customer577@example.com,East,SMB,2022-07-16,Gold
CUST0578,Joseph Jones,customer578@example.com,South,Corporate,2020-08-11,Silver
CUST0579,Michael Hernandez,customer579@example.com,West,Enterprise,2021-10-05,Platinum
CUST0580,Linda Wright,customer580@example.com,East,Corporate,2022-07-14,Gold
CUST0581,Ashley Taylor,customer581@example.com,North,Retail,2020-11-18,Gold
CUST0582,Deborah Hall,customer582@example.com,Central,Retail,2021-03-16,Gold
CUST0583,Barbara Garcia,customer583@example.com,South,SMB,2022-03-22,Bronze
CUST0584,Melissa Martin,customer584@example.com,East,Corporate,2020-03-04,Platinum
CUST0585,Mark Scott,customer585@example.com,Central,Corporate,2020-07-12,Platinum
CUST0586,Michael Rodriguez,customer586@example.com,North,Retail,2020-05-06,Silver
CUST0587,William Gonzalez,customer587@example.com,West,SMB,2020-06-21,Gold
CUST0588,Robert Johnson,customer588@example.com,North,Corporate,2022-06-27,Silver
CUST0589,Jennifer Perez,customer589@example.com,North,Retail,2022-08-02,Bronze
CUST0590,David Torres,customer590@example.com,West,Enterprise,2022-10-13,Bronze
CUST0591,Matthew Baker,customer591@example.com,West,Corporate,2021-12-25,Silver
CUST0592,Susan Moore,customer592@example.com,East,Enterprise,2020-10-31,Bronze
CUST0593,Amanda Flores,customer593@example.com,Central,Corporate,2021-08-27,Platinum
CUST0594,Anthony Scott,customer594@example.com,West,Retail,2020-06-28,Gold
CUST0595,Matthew Rodriguez,customer595@example.com,West,Corporate,2022-12-12,Silver
CUST0596,Kenneth Wright,customer596@example.com,North,Enterprise,2022-01-05,Platinum
CUST0597,Paul Young,customer597@example.com,East,Government,2022-10-25,Gold
CUST0598,Matthew Moore,customer598@example.com,South,Retail,2021-10-15,Silver
CUST0599,Mary Roberts,customer599@example.com,East,Retail,2022-08-24,Gold
CUST0600,Rebecca Nguyen,customer600@example.com,South,Corporate,2020-07-24,Silver
CUST0601,Kevin Thomas,customer601@example.com,East,Government,2020-04-24,Silver
CUST0602,Andrew Harris,customer602@example.com,East,Corporate,2020-12-26,Silver
CUST0603,Michelle Lee,customer603@example.com,East,Government,2020-02-27,Gold
CUST0604,Andrew Torres,customer604@example.com,South,Government,2021-01-20,Platinum
CUST0605,Paul Martin,customer605@example.com,South,Enterprise,2020-03-18,Bronze
CUST0606,Patricia Anderson,customer606@example.com,Central,Corporate,2020-02-10,Platinum
CUST0607,James Perez,customer607@example.com,Central,Corporate,2020-09-24,Gold
CUST0608,Deborah Lopez,customer608@example.com,East,Retail,2020-02-14,Silver
CUST0609,Michelle Rivera,customer609@example.com,South,Retail,2022-12-13,Gold
CUST0610,Robert White,customer610@example.com,West,Government,2020-07-25,Gold
CUST0611,Lisa Lee,customer611@example.com,South,Corporate,2022-06-13,Platinum
CUST0612,Dorothy Lee,customer612@example.com,South,Government,2021-12-31,Silver
CUST0613,Kevin Nguyen,customer613@example.com,South,Enterprise,2021-09-20,Gold
CUST0614,William Lopez,customer614@example.com,North,Government,2022-03-12,Bronze
CUST0615,Susan Hill,customer615@example.com,East,Government,2021-03-28,Bronze
CUST0616,Emily Martinez,customer616@example.com,East,Retail,2021-05-02,Gold
CUST0617,Christopher Hernandez,customer617@example.com,North,SMB,2022-07-03,Bronze
CUST0618,Thomas Wilson,customer618@example.com,South,Retail,2021-12-18,Gold
CUST0619,Michael Campbell,customer619@example.com,North,Retail,2022-03-01,Platinum
CUST0620,George Clark,customer620@example.com,South,Enterprise,2022-10-06,Platinum
CUST0621,Daniel Wright,customer621@example.com,West,Retail,2022-09-08,Silver
CUST0622,David Lewis,customer622@example.com,North,Retail,2021-08-26,Bronze
CUST0623,Christopher Taylor,customer623@example.com,North,Retail,2021-12-01,Silver
CUST0624,Matthew Hernandez,customer624@example.com,North,Government,2020-07-09,Gold
CUST0625,Joshua Flores,customer625@example.com,West,Retail,2022-06-02,Silver
CUST0626,Joshua Ramirez,customer626@example.com,South,Retail,2020-07-26,Gold
CUST0627,Jessica Gonzalez,customer627@example.com,West,Government,2021-06-27,Gold
CUST0628,Lisa Thomas,customer628@example.com,North,Retail,2022-03-15,Platinum
CUST0629,Barbara Brown,customer629@example.com,East,Retail,2022-05-25,Bronze
CUST0630,Charles Nelson,customer630@example.com,Central,Enterprise,2021-02-12,Bronze
CUST0631,Mary Wilson,customer631@example.com,South,SMB,2020-06-16,Platinum
CUST0632,Linda Martin,customer632@example.com,West,Enterprise,2022-09-28,Gold
CUST0633,Jennifer Adams,customer633@example.com,Central,Enterprise,2021-01-13,Gold
CUST0634,Matthew White,customer634@example.com,South,Enterprise,2020-04-01,Gold
CUST0635,Mark Robinson,customer635@example.com,East,Corporate,2021-07-04,Bronze
CUST0636,Barbara Carter,customer636@example.com,North,Retail,2021-12-05,Platinum
CUST0637,Timothy Nguyen,customer637@example.com,South,Government,2020-05-04,Platinum
CUST0638,Donna Clark,customer638@example.com,Central,Enterprise,2021-04-27,Platinum
CUST0639,Lisa Garcia,customer639@example.com,West,Retail,2022-10-25,Silver
CUST0640,Linda Carter,customer640@example.com,West,Corporate,2020-12-08,Silver
CUST0641,Richard Rodriguez,customer641@example.com,North,Enterprise,2020-06-09,Platinum
CUST0642,Richard Green,customer642@example.com,South,Government,2021-06-12,Gold
CUST0643,George Jones,customer643@example.com,North,Enterprise,2022-03-24,Gold
CUST0644,Karen King,customer644@example.com,West,Retail,2022-12-06,Platinum
CUST0645,Linda Clark,customer645@example.com,South,Corporate,2020-07-24,Bronze
CUST0646,Andrew Roberts,customer646@example.com,North,SMB,2023-01-01,Gold
CUST0647,Anthony Taylor,customer647@example.com,West,Enterprise,2022-08-26,Bronze
CUST0648,Susan Moore,customer648@example.com,West,Corporate,2022-04-02,Bronze
CUST0649,Margaret Perez,customer649@example.com,South,Retail,2022-08-31,Gold
CUST0650,Betty Johnson,customer650@example.com,East,SMB,2021-09-28,Gold
CUST0651,Emily Hall,customer651@example.com,North,Corporate,2020-10-02,Gold
CUST0652,Stephanie Lewis,customer652@example.com,East,SMB,2022-05-03,Bronze
CUST0653,Richard Lewis,customer653@example.com,South,Enterprise,2022-09-19,Gold
CUST0654,Patricia Allen,customer654@example.com,South,Retail,2021-09-29,Platinum
CUST0655,William Roberts,customer655@example.com,Central,Government,2020-02-29,Silver
CUST0656,Richard Gonzalez,customer656@example.com,North,Corporate,2020-03-08,Platinum
CUST0657,Patricia White,customer657@example.com,South,SMB,2022-01-24,Platinum
CUST0658,Steven Sanchez,customer658@example.com,North,Retail,2021-05-10,Gold
CUST0659,Emily Hill,customer659@example.com,West,Corporate,2022-08-29,Gold
CUST0660,Daniel Hernandez,customer660@example.com,East,Retail,2021-08-06,Bronze
CUST0661,Matthew Brown,customer661@example.com,South,Government,2021-03-14,Silver
CUST0662,Dorothy Anderson,customer662@example.com,South,SMB,2022-04-18,Bronze
CUST0663,Rebecca Roberts,customer663@example.com,North,Enterprise,2020-09-27,Silver
CUST0664,Joshua Smith,customer664@example.com,South,SMB,2021-09-17,Gold
CUST0665,Sandra Harris,customer665@example.com,East,Enterprise,2021-05-31,Silver
CUST0666,Ashley Martin,customer666@example.com,Central,Government,2022-03-24,Bronze
CUST0667,James Allen,customer667@example.com,East,Government,2021-08-01,Gold
CUST0668,Melissa Miller,customer668@example.com,West,Retail,2021-11-19,Gold
CUST0669,Kenneth Lee,customer669@example.com,East,SMB,2021-09-03,Silver
CUST0670,Barbara King,customer670@example.com,South,Retail,2022-04-07,Gold
CUST0671,Melissa Rodriguez,customer671@example.com,North,Enterprise,2021-08-28,Gold
CUST0672,Anthony Sanchez,customer672@example.com,West,Retail,2021-01-23,Gold
CUST0673,George Rivera,customer673@example.com,South,Government,2022-09-01,Gold
CUST0674,Steven Martin,customer674@example.com,South,Government,2021-01-05,Gold
CUST0675,Michael Walker,customer675@example.com,South,SMB,2021-01-09,Gold
CUST0676,Dorothy Garcia,customer676@example.com,South,SMB,2021-04-02,Gold
CUST0677,Anthony Perez,customer677@example.com,East,SMB,2021-08-25,Platinum
CUST0678,Linda Walker,customer678@example.com,North,Government,2020-05-25,Platinum
CUST0679,Richard Allen,customer679@example.com,North,Enterprise,2022-12-21,Gold
CUST0680,Anthony Brown,customer680@example.com,South,Corporate,2021-02-14,Gold
CUST0681,Anthony Torres,customer681@example.com,West,Corporate,2021-10-09,Silver
CUST0682,Rebecca Garcia,customer682@example.com,West,SMB,2020-12-28,Gold
CUST0683,Kenneth Brown,customer683@example.com,North,Enterprise,2021-07-14,Silver
CUST0684,Timothy Roberts,customer684@example.com,South,Government,2020-11-20,Platinum
CUST0685,Timothy Roberts,customer685@example.com,North,Corporate,2022-06-07,Platinum
CUST0686,Margaret Ramirez,customer686@example.com,West,Enterprise,2020-01-10,Bronze
CUST0687,Paul Gonzalez,customer687@example.com,East,Retail,2021-10-21,Silver
CUST0688,Mary Baker,customer688@example.com,North,Corporate,2021-04-08,Gold
CUST0689,Lisa Rodriguez,customer689@example.com,North,Enterprise,2022-10-27,Gold
CUST0690,David Jones,customer690@example.com,North,SMB,2021-08-18,Platinum
CUST0691,George King,customer691@example.com,Central,Government,2021-11-22,Platinum
CUST0692,Melissa Rodriguez,customer692@example.com,East,Enterprise,2022-01-05,Silver
CUST0693,David Sanchez,customer693@example.com,North,Corporate,2021-04-04,Silver
CUST0694,Jessica Campbell,customer694@example.com,North,Government,2022-10-30,Silver
CUST0695,Linda White,customer695@example.com,North,Enterprise,2021-06-07,Bronze
CUST0696,Joshua Brown,customer696@example.com,North,Retail,2020-04-08,Bronze
CUST0697,Anthony Lewis,customer697@example.com,West,Retail,2021-06-01,Platinum
CUST0698,Brian Martinez,customer698@example.com,South,Retail,2021-09-08,Platinum
CUST0699,Kevin Miller,customer699@example.com,Central,SMB,2020-10-07,Platinum
CUST0700,Michael Allen,customer700@example.com,Central,Retail,2021-08-01,Bronze
CUST0701,Michael Young,customer701@example.com,South,Government,2021-02-13,Gold
CUST0702,Donna Gonzalez,customer702@example.com,East,Enterprise,2021-08-27,Silver
CUST0703,John Scott,customer703@example.com,West,Corporate,2022-09-11,Gold
CUST0704,Sarah Smith,customer704@example.com,North,Retail,2020-08-14,Platinum
CUST0705,Barbara Garcia,customer705@example.com,Central,Retail,2020-07-26,Gold
CUST0706,Dorothy Anderson,customer706@example.com,West,SMB,2021-06-24,Platinum
CUST0707,Patricia Miller,customer707@example.com,South,Retail,2021-08-18,Gold
CUST0708,Melissa Lee,customer708@example.com,West,Retail,2020-07-13,Bronze
CUST0709,James Rodriguez,customer709@example.com,South,SMB,2022-01-02,Platinum
CUST0710,Amanda Moore,customer710@example.com,North,SMB,2021-12-02,Silver
CUST0711,Linda Sanchez,customer711@example.com,West,Enterprise,2021-07-10,Platinum
CUST0712,Brian Walker,customer712@example.com,West,Corporate,2020-08-19,Silver
CUST0713,Brian Campbell,customer713@example.com,North,Corporate,2020-07-31,Platinum
CUST0714,Michelle Walker,customer714@example.com,Central,Enterprise,2021-01-06,Platinum
CUST0715,Rebecca Thompson,customer715@example.com,Central,Retail,2020-09-24,Platinum
CUST0716,Emily Davis,customer716@example.com,West,Enterprise,2020-04-04,Bronze
CUST0717,Thomas Adams,customer717@example.com,East,Retail,2022-12-10,Silver
CUST0718,Kevin Perez,customer718@example.com,Central,Government,2020-07-14,Platinum
CUST0719,Kevin Campbell,customer719@example.com,South,Enterprise,2021-12-09,Platinum
CUST0720,Barbara Scott,customer720@example.com,Central,Retail,2020-01-24,Silver
CUST0721,Steven Walker,customer721@example.com,West,Corporate,2020-06-02,Platinum
CUST0722,Christopher Thomas,customer722@example.com,East,SMB,2020-04-13,Silver
CUST0723,Carol Adams,customer723@example.com,West,Enterprise,2021-04-26,Bronze
CUST0724,Ashley Lewis,customer724@example.com,Central,Enterprise,2020-06-29,Platinum
CUST0725,Mark Lee,customer725@example.com,North,Enterprise,2020-02-06,Bronze
CUST0726,Margaret Clark,customer726@example.com,North,Government,2020-01-01,Bronze
CUST0727,Joshua Flores,customer727@example.com,East,Government,2021-02-27,Platinum
CUST0728,Nancy White,customer728@example.com,North,Corporate,2022-07-19,Gold
CUST0729,Carol Roberts,customer729@example.com,Central,Government,2022-08-26,Gold
CUST0730,Deborah Lewis,customer730@example.com,North,Retail,2021-03-30,Bronze
CUST0731,Nancy Thompson,customer731@example.com,East,Government,2022-12-05,Gold
CUST0732,Brian Miller,customer732@example.com,North,Corporate,2022-10-05,Silver
CUST0733,Deborah Mitchell,customer733@example.com,West,Retail,2021-06-04,Silver
CUST0734,Richard Davis,customer734@example.com,West,Corporate,2022-07-25,Silver
CUST0735,Deborah Perez,customer735@example.com,North,Enterprise,2020-04-05,Bronze
CUST0736,Rebecca Lewis,customer736@example.com,West,Government,2022-10-29,Silver
CUST0737,Emily Smith,customer737@example.com,Central,Retail,2022-06-05,Platinum
CUST0738,Steven Roberts,customer738@example.com,South,Government,2020-12-21,Silver
CUST0739,Michael Harris,customer739@example.com,Central,Government,2021-10-21,Platinum
CUST0740,Anthony Hill,customer740@example.com,South,SMB,2022-03-25,Gold
CUST0741,Charles Lewis,customer741@example.com,South,Corporate,2022-04-25,Gold
CUST0742,Brian Scott,customer742@example.com,East,Government,2021-03-21,Silver
CUST0743,Jessica Flores,customer743@example.com,East,SMB,2020-09-28,Silver
CUST0744,Steven Wright,customer744@example.com,East,Retail,2021-12-22,Platinum
CUST0745,Michelle Torres,customer745@example.com,West,Government,2021-08-08,Platinum
CUST0746,James King,customer746@example.com,North,Retail,2022-02-19,Silver
CUST0747,Patricia Nelson,customer747@example.com,North,Corporate,2021-06-30,Silver
CUST0748,Charles Baker,customer748@example.com,East,Corporate,2020-05-07,Gold
CUST0749,Jessica Carter,customer749@example.com,Central,Retail,2022-01-04,Platinum
CUST0750,Michael Flores,customer750@example.com,Central,Corporate,2022-03-07,Silver
CUST0751,Steven Hall,customer751@example.com,East,Retail,2022-02-20,Platinum
CUST0752,Anthony Baker,customer752@example.com,East,Government,2020-04-20,Bronze
CUST0753,Stephanie Taylor,customer753@example.com,South,Government,2022-06-26,Silver
CUST0754,Kenneth Rivera,customer754@example.com,East,Government,2021-02-06,Silver
CUST0755,Charles Lewis,customer755@example.com,South,Retail,2021-01-17,Silver
CUST0756,Stephanie Allen,customer756@example.com,North,Enterprise,2020-03-24,Platinum
CUST0757,Karen Scott,customer757@example.com,East,Corporate,2020-11-25,Gold
CUST0758,James Perez,customer758@example.com,West,Corporate,2020-03-22,Silver
CUST0759,Christopher Hill,customer759@example.com,North,Government,2021-09-08,Platinum
CUST0760,Andrew Scott,customer760@example.com,East,Retail,2021-10-12,Silver
CUST0761,Susan King,customer761@example.com,North,Government,2020-11-22,Platinum
CUST0762,Paul Wright,customer762@example.com,West,Retail,2021-12-16,Silver
CUST0763,Jessica Nelson,customer763@example.com,East,SMB,2022-01-08,Gold
CUST0764,Jessica Carter,customer764@example.com,Central,Government,2022-08-30,Bronze
CUST0765,Linda Nelson,customer765@example.com,East,Enterprise,2021-05-07,Silver
CUST0766,John Baker,customer766@example.com,East,Enterprise,2020-08-20,Platinum
CUST0767,Thomas Wright,customer767@example.com,East,Retail,2022-11-24,Gold
CUST0768,Steven Allen,customer768@example.com,West,Enterprise,2020-03-30,Gold
CUST0769,Dorothy Gonzalez,customer769@example.com,East,Government,2020-06-17,Bronze
CUST0770,David Roberts,customer770@example.com,Central,Government,2020-01-16,Bronze
CUST0771,Jessica Nelson,customer771@example.com,South,Enterprise,2020-07-31,Silver
CUST0772,Paul Hall,customer772@example.com,West,Retail,2020-11-10,Bronze
CUST0773,Ashley Rivera,customer773@example.com,East,Retail,2020-06-28,Bronze
CUST0774,Patricia Lopez,customer774@example.com,East,Government,2020-05-24,Silver
CUST0775,Thomas Clark,customer775@example.com,West,Enterprise,2022-04-08,Platinum
CUST0776,Christopher Johnson,customer776@example.com,West,Retail,2022-12-31,Bronze
CUST0777,Dorothy Campbell,customer777@example.com,Central,Retail,2020-04-03,Bronze
CUST0778,Daniel Allen,customer778@example.com,North,SMB,2021-09-09,Bronze
CUST0779,Charles Carter,customer779@example.com,West,Enterprise,2022-03-20,Bronze
CUST0780,Donald Hernandez,customer780@example.com,Central,Corporate,2020-10-06,Platinum
CUST0781,Paul Jackson,customer781@example.com,South,SMB,2022-02-03,Bronze
CUST0782,Carol Scott,customer782@example.com,South,Retail,2020-03-26,Bronze
CUST0783,Andrew Hill,customer783@example.com,West,Government,2020-06-23,Gold
CUST0784,Jessica Mitchell,customer784@example.com,East,Corporate,2022-04-25,Silver
CUST0785,David Lopez,customer785@example.com,South,Government,2021-06-01,Silver
CUST0786,Linda Lopez,customer786@example.com,Central,Retail,2022-08-02,Bronze
CUST0787,Charles Nelson,customer787@example.com,North,SMB,2020-07-20,Silver
CUST0788,George Nguyen,customer788@example.com,West,SMB,2022-01-01,Silver
CUST0789,Kevin Adams,customer789@example.com,South,Retail,2021-08-06,Bronze
CUST0790,Richard Lee,customer790@example.com,West,Enterprise,2021-11-03,Gold
CUST0791,Brian Nguyen,customer791@example.com,South,Government,2022-01-16,Gold
CUST0792,Sandra Hernandez,customer792@example.com,North,SMB,2021-05-19,Silver
CUST0793,Deborah Mitchell,customer793@example.com,West,SMB,2022-01-06,Silver
CUST0794,Melissa Campbell,customer794@example.com,East,Enterprise,2022-08-05,Platinum
CUST0795,Daniel Roberts,customer795@example.com,East,Enterprise,2020-08-10,Silver
CUST0796,Dorothy Hill,customer796@example.com,North,SMB,2020-10-13,Silver
CUST0797,Thomas Campbell,customer797@example.com,North,Retail,2020-02-08,Bronze
CUST0798,Michelle Nguyen,customer798@example.com,West,Government,2021-03-11,Bronze
CUST0799,Carol Taylor,customer799@example.com,Central,Government,2022-08-24,Silver
CUST0800,Betty Sanchez,customer800@example.com,South,Government,2021-08-18,Silver
CUST0801,Ashley Allen,customer801@example.com,Central,Retail,2022-03-23,Gold
CUST0802,Steven Smith,customer802@example.com,South,Government,2020-12-05,Silver
CUST0803,Mark Hernandez,customer803@example.com,South,Government,2020-10-26,Platinum
CUST0804,Daniel Williams,customer804@example.com,South,Enterprise,2021-04-19,Bronze
CUST0805,Thomas White,customer805@example.com,South,Retail,2021-02-27,Gold
CUST0806,Matthew Walker,customer806@example.com,West,Retail,2020-03-22,Gold
CUST0807,Michael Rivera,customer807@example.com,Central,SMB,2021-06-23,Silver
CUST0808,Matthew Adams,customer808@example.com,West,SMB,2020-06-08,Gold
CUST0809,Matthew Anderson,customer809@example.com,Central,Enterprise,2021-12-23,Gold
CUST0810,Emily Walker,customer810@example.com,Central,Retail,2022-10-24,Silver
CUST0811,Mark Hernandez,customer811@example.com,South,Retail,2022-11-19,Gold
CUST0812,Jessica Martinez,customer812@example.com,South,Corporate,2022-01-11,Bronze
CUST0813,Kevin Anderson,customer813@example.com,West,SMB,2020-08-20,Platinum
CUST0814,Melissa Walker,customer814@example.com,West,Corporate,2020-11-26,Platinum
CUST0815,Mary Thomas,customer815@example.com,North,Corporate,2020-11-25,Silver
CUST0816,Kenneth Allen,customer816@example.com,North,Government,2020-10-27,Bronze
CUST0817,David Taylor,customer817@example.com,South,Government,2022-04-10,Bronze
CUST0818,George Campbell,customer818@example.com,East,Retail,2021-03-19,Platinum
CUST0819,Joshua Walker,customer819@example.com,West,Corporate,2021-03-25,Platinum
CUST0820,Joshua Martinez,customer820@example.com,Central,Corporate,2022-11-12,Gold
CUST0821,David Campbell,customer821@example.com,East,Enterprise,2020-05-20,Silver
CUST0822,Matthew Harris,customer822@example.com,South,Retail,2020-02-03,Silver
CUST0823,Donna Allen,customer823@example.com,West,Corporate,2020-07-16,Silver
CUST0824,Donald Flores,customer824@example.com,Central,Retail,2022-12-24,Bronze
CUST0825,Jennifer Walker,customer825@example.com,South,Government,2020-01-03,Platinum
CUST0826,Donna Clark,customer826@example.com,East,Retail,2022-12-21,Platinum
CUST0827,Joseph Walker,customer827@example.com,West,SMB,2020-07-19,Platinum
CUST0828,William Taylor,customer828@example.com,West,Corporate,2020-06-20,Gold
CUST0829,Joshua Wright,customer829@example.com,West,SMB,2021-01-22,Bronze
CUST0830,Deborah Mitchell,customer830@example.com,North,Government,2022-12-06,Bronze
CUST0831,Donna Smith,customer831@example.com,West,Corporate,2021-10-08,Platinum
CUST0832,Betty Miller,customer832@example.com,South,Enterprise,2021-06-03,Gold
CUST0833,Paul Ramirez,customer833@example.com,Central,SMB,2021-07-18,Platinum
CUST0834,Timothy Wilson,customer834@example.com,West,Government,2022-09-15,Silver
CUST0835,Betty Scott,customer835@example.com,Central,Enterprise,2021-06-03,Gold
CUST0836,Andrew Thompson,customer836@example.com,West,Corporate,2020-08-31,Silver
CUST0837,Mark Hall,customer837@example.com,South,Retail,2021-03-15,Platinum
CUST0838,Nancy Scott,customer838@example.com,Central,Retail,2020-11-25,Platinum
CUST0839,Kenneth Smith,customer839@example.com,North,Corporate,2022-08-23,Platinum
CUST0840,Jennifer Jones,customer840@example.com,East,Corporate,2022-01-29,Bronze
CUST0841,Joshua Williams,customer841@example.com,West,Enterprise,2022-12-03,Gold
CUST0842,Deborah Hill,customer842@example.com,North,Corporate,2022-10-09,Platinum
CUST0843,James Gonzalez,customer843@example.com,Central,SMB,2021-02-02,Bronze
CUST0844,Joshua Allen,customer844@example.com,Central,Corporate,2020-12-13,Bronze
CUST0845,Betty Thomas,customer845@example.com,North,Corporate,2020-06-26,Gold
CUST0846,Rebecca Sanchez,customer846@example.com,East,Enterprise,2022-04-10,Silver
CUST0847,Donna Smith,customer847@example.com,North,Retail,2021-08-05,Gold
CUST0848,Daniel Moore,customer848@example.com,South,Government,2021-02-02,Platinum
CUST0849,Margaret Torres,customer849@example.com,North,SMB,2020-12-24,Platinum
CUST0850,Steven Miller,customer850@example.com,Central,Retail,2022-10-27,Gold
CUST0851,Nancy Davis,customer851@example.com,Central,SMB,2021-05-27,Platinum
CUST0852,Matthew Torres,customer852@example.com,West,Corporate,2021-11-26,Platinum
CUST0853,Melissa Robinson,customer853@example.com,Central,Retail,2022-09-14,Bronze
CUST0854,Thomas Jones,customer854@example.com,West,Corporate,2021-04-15,Gold
CUST0855,Anthony Thompson,customer855@example.com,Central,Government,2020-01-20,Gold
CUST0856,Sarah Jackson,customer856@example.com,North,Enterprise,2021-12-01,Bronze
CUST0857,Carol Lopez,customer857@example.com,West,SMB,2021-12-25,Silver
CUST0858,Andrew Moore,customer858@example.com,South,Corporate,2022-10-18,Silver
CUST0859,Sarah Mitchell,customer859@example.com,South,SMB,2021-02-27,Silver
CUST0860,Richard Thomas,customer860@example.com,Central,SMB,2020-11-15,Bronze
CUST0861,Linda Garcia,customer861@example.com,West,Government,2020-01-14,Bronze
CUST0862,Donald White,customer862@example.com,Central,SMB,2022-10-05,Gold
CUST0863,Emily Lopez,customer863@example.com,Central,SMB,2022-03-25,Silver
CUST0864,Timothy Torres,customer864@example.com,South,Retail,2022-12-12,Platinum
CUST0865,Donald Wright,customer865@example.com,North,Government,2021-12-12,Platinum
CUST0866,Melissa Roberts,customer866@example.com,South,Enterprise,2020-09-03,Platinum
CUST0867,Christopher Hall,customer867@example.com,North,Retail,2021-03-07,Platinum
CUST0868,Michelle Miller,customer868@example.com,East,SMB,2021-06-15,Silver
CUST0869,Carol Taylor,customer869@example.com,South,SMB,2022-08-23,Gold
CUST0870,Betty Lopez,customer870@example.com,West,Enterprise,2021-03-07,Platinum
CUST0871,Brian Carter,customer871@example.com,East,SMB,2022-03-31,Gold
CUST0872,Mark Lopez,customer872@example.com,Central,Corporate,2021-04-13,Bronze
CUST0873,George Moore,customer873@example.com,South,Government,2022-06-04,Platinum
CUST0874,Richard Martinez,customer874@example.com,South,Enterprise,2020-01-20,Silver
CUST0875,Anthony Young,customer875@example.com,South,Government,2022-12-29,Gold
CUST0876,Emily Martin,customer876@example.com,East,Government,2020-04-07,Platinum
CUST0877,Michael Hall,customer877@example.com,South,Retail,2021-03-17,Gold
CUST0878,Donald Green,customer878@example.com,North,Enterprise,2021-11-16,Gold
CUST0879,Betty White,customer879@example.com,Central,Government,2021-06-11,Gold
CUST0880,Mary Clark,customer880@example.com,North,SMB,2021-02-11,Silver
CUST0881,Rebecca Jackson,customer881@example.com,East,SMB,2022-11-11,Platinum
CUST0882,Rebecca Mitchell,customer882@example.com,West,Retail,2022-02-19,Gold
CUST0883,Ashley Green,customer883@example.com,South,Corporate,2021-11-21,Platinum
CUST0884,Kenneth Flores,customer884@example.com,Central,Enterprise,2020-05-26,Bronze
CUST0885,David Perez,customer885@example.com,South,SMB,2021-10-10,Gold
CUST0886,Deborah Moore,customer886@example.com,Central,Enterprise,2021-07-09,Platinum
CUST0887,Rebecca White,customer887@example.com,Central,Government,2022-07-11,Platinum
CUST0888,David Lopez,customer888@example.com,North,Corporate,2021-04-25,Gold
CUST0889,Stephanie Hall,customer889@example.com,North,Corporate,2020-12-07,Platinum
CUST0890,Michael Miller,customer890@example.com,North,Enterprise,2020-04-20,Bronze
CUST0891,Rebecca Sanchez,customer891@example.com,Central,Retail,2020-07-31,Gold
CUST0892,Amanda Martinez,customer892@example.com,North,Enterprise,2021-09-25,Silver
CUST0893,Sarah Mitchell,customer893@example.com,East,Enterprise,2020-09-15,Silver
CUST0894,Donna Hernandez,customer894@example.com,North,Retail,2021-12-31,Gold
CUST0895,Donald Robinson,customer895@example.com,Central,SMB,2022-06-30,Silver
CUST0896,Brian Wright,customer896@example.com,South,Government,2022-07-24,Platinum
CUST0897,Donna Green,customer897@example.com,Central,SMB,2021-12-12,Platinum
CUST0898,Paul Anderson,customer898@example.com,North,Enterprise,2021-09-22,Gold
CUST0899,Anthony Taylor,customer899@example.com,South,SMB,2020-01-22,Bronze
CUST0900,Donna Carter,customer900@example.com,South,SMB,2021-08-10,Platinum
CUST0901,Paul Smith,customer901@example.com,West,Enterprise,2021-09-05,Bronze
CUST0902,Rebecca Ramirez,customer902@example.com,East,Government,2021-04-18,Bronze
CUST0903,Carol White,customer903@example.com,South,Enterprise,2022-06-14,Platinum
CUST0904,Sarah Hernandez,customer904@example.com,West,Enterprise,2021-03-27,Gold
CUST0905,Jennifer Ramirez,customer905@example.com,South,Government,2021-07-10,Gold
CUST0906,Dorothy Mitchell,customer906@example.com,Central,SMB,2022-04-25,Silver
CUST0907,Robert Lopez,customer907@example.com,South,SMB,2020-08-14,Platinum
CUST0908,Amanda Lewis,customer908@example.com,East,Government,2022-10-04,Silver
CUST0909,Christopher Johnson,customer909@example.com,South,Retail,2022-12-31,Bronze
CUST0910,Susan Miller,customer910@example.com,East,SMB,2020-09-13,Platinum
CUST0911,George Smith,customer911@example.com,South,Retail,2020-11-04,Bronze
CUST0912,Emily Wilson,customer912@example.com,East,Enterprise,2021-09-30,Platinum
CUST0913,Betty Robinson,customer913@example.com,North,SMB,2020-06-13,Silver
CUST0914,Patricia Moore,customer914@example.com,West,Retail,2022-08-20,Silver
CUST0915,Richard Taylor,customer915@example.com,West,Retail,2020-09-06,Silver
CUST0916,Matthew Roberts,customer916@example.com,West,Corporate,2020-03-09,Silver
CUST0917,Ashley Mitchell,customer917@example.com,North,Government,2021-03-02,Platinum
CUST0918,Matthew Baker,customer918@example.com,East,SMB,2020-11-20,Bronze
CUST0919,Stephanie Scott,customer919@example.com,Central,Retail,2021-06-02,Platinum
CUST0920,Kenneth Martin,customer920@example.com,South,SMB,2020-04-16,Silver
CUST0921,Linda Thomas,customer921@example.com,West,SMB,2020-01-31,Silver
CUST0922,Karen Nguyen,customer922@example.com,North,Enterprise,2021-05-12,Bronze
CUST0923,John Nguyen,customer923@example.com,West,Government,2020-11-13,Gold
CUST0924,Rebecca Garcia,customer924@example.com,South,Corporate,2022-10-20,Bronze
CUST0925,Melissa Flores,customer925@example.com,East,Retail,2020-05-02,Gold
CUST0926,Dorothy Martinez,customer926@example.com,Central,Retail,2020-09-14,Platinum
CUST0927,Joseph Lee,customer927@example.com,Central,SMB,2022-06-17,Silver
CUST0928,Mary Hall,customer928@example.com,West,SMB,2020-10-02,Gold
CUST0929,John Young,customer929@example.com,West,Government,2021-08-26,Platinum
CUST0930,Richard Torres,customer930@example.com,South,Government,2021-12-13,Gold
CUST0931,George Robinson,customer931@example.com,East,Government,2020-11-24,Bronze
CUST0932,Donna Martinez,customer932@example.com,West,SMB,2021-06-23,Gold
CUST0933,Ashley Smith,customer933@example.com,Central,Enterprise,2021-01-14,Bronze
CUST0934,Amanda White,customer934@example.com,Central,Corporate,2021-10-18,Bronze
CUST0935,Kevin Wright,customer935@example.com,West,Corporate,2022-12-09,Platinum
CUST0936,Rebecca Scott,customer936@example.com,South,Government,2021-08-02,Gold
CUST0937,Anthony Adams,customer937@example.com,East,Retail,2020-07-16,Bronze
CUST0938,John Rodriguez,customer938@example.com,South,Retail,2021-02-17,Bronze
CUST0939,Emily Gonzalez,customer939@example.com,North,Retail,2022-03-06,Platinum
CUST0940,Donna Flores,customer940@example.com,Central,SMB,2020-04-10,Gold
CUST0941,Joseph Hill,customer941@example.com,North,Retail,2021-03-03,Platinum
CUST0942,Jennifer Robinson,customer942@example.com,North,SMB,2022-05-01,Gold
CUST0943,Deborah Brown,customer943@example.com,Central,SMB,2022-12-19,Bronze
CUST0944,George Jones,customer944@example.com,East,Retail,2021-03-18,Bronze
CUST0945,Michael Campbell,customer945@example.com,South,Government,2022-02-28,Silver
CUST0946,Richard King,customer946@example.com,South,Government,2021-01-01,Platinum
CUST0947,Stephanie Miller,customer947@example.com,Central,SMB,2022-07-28,Platinum
CUST0948,Michael Hernandez,customer948@example.com,South,Government,2022-04-02,Gold
CUST0949,Kevin Hernandez,customer949@example.com,Central,Government,2022-06-26,Gold
CUST0950,Christopher Scott,customer950@example.com,East,SMB,2022-04-24,Platinum
CUST0951,George Lee,customer951@example.com,Central,Corporate,2021-03-14,Platinum
CUST0952,Rebecca Scott,customer952@example.com,East,SMB,2022-07-15,Platinum
CUST0953,Margaret Smith,customer953@example.com,North,SMB,2020-02-03,Silver
CUST0954,Lisa Smith,customer954@example.com,East,Corporate,2021-03-15,Gold
CUST0955,Mary Roberts,customer955@example.com,East,Government,2022-11-13,Silver
CUST0956,Michael Williams,customer956@example.com,West,SMB,2020-11-15,Silver
CUST0957,Thomas White,customer957@example.com,Central,Corporate,2021-04-22,Gold
CUST0958,Lisa Garcia,customer958@example.com,Central,Enterprise,2021-03-21,Bronze
CUST0959,George Lee,customer959@example.com,West,Corporate,2022-09-26,Bronze
CUST0960,Joshua Adams,customer960@example.com,East,Retail,2022-02-20,Bronze
CUST0961,Rebecca Brown,customer961@example.com,East,SMB,2022-06-08,Platinum
CUST0962,Linda Roberts,customer962@example.com,South,Government,2020-01-24,Platinum
CUST0963,Patricia Martin,customer963@example.com,Central,Retail,2021-10-15,Silver
CUST0964,Christopher Allen,customer964@example.com,South,Corporate,2020-04-13,Platinum
CUST0965,Mark Carter,customer965@example.com,Central,Government,2022-10-30,Bronze
CUST0966,Joseph Ramirez,customer966@example.com,East,Enterprise,2020-10-30,Silver
CUST0967,Nancy Garcia,customer967@example.com,West,Government,2020-04-10,Platinum
CUST0968,Thomas Garcia,customer968@example.com,West,Government,2022-06-08,Silver
CUST0969,Timothy Rodriguez,customer969@example.com,West,Government,2021-02-09,Platinum
CUST0970,Margaret Adams,customer970@example.com,Central,Corporate,2022-12-09,Silver
CUST0971,Sarah Jones,customer971@example.com,East,Enterprise,2021-10-24,Bronze
CUST0972,Linda Nelson,customer972@example.com,West,Enterprise,2022-01-18,Gold
CUST0973,Richard Lee,customer973@example.com,East,Government,2020-02-19,Gold
CUST0974,David Thompson,customer974@example.com,Central,Enterprise,2020-10-25,Platinum
CUST0975,John Anderson,customer975@example.com,South,SMB,2020-11-15,Bronze
CUST0976,Linda Mitchell,customer976@example.com,North,Corporate,2020-10-29,Gold
CUST0977,James Perez,customer977@example.com,North,SMB,2022-07-10,Platinum
CUST0978,Mary Perez,customer978@example.com,South,Government,2021-03-09,Silver
CUST0979,Paul King,customer979@example.com,East,Government,2022-09-16,Silver
CUST0980,Brian Hall,customer980@example.com,North,Enterprise,2022-12-14,Bronze
CUST0981,Thomas Hernandez,customer981@example.com,North,SMB,2021-02-15,Gold
CUST0982,Patricia Robinson,customer982@example.com,North,Retail,2022-03-06,Gold
CUST0983,Kevin Nelson,customer983@example.com,East,Retail,2020-02-09,Gold
CUST0984,Dorothy Harris,customer984@example.com,South,Enterprise,2022-11-07,Bronze
CUST0985,Christopher Young,customer985@example.com,Central,Government,2020-06-29,Silver
CUST0986,Richard Allen,customer986@example.com,West,Government,2020-02-14,Bronze
CUST0987,Sarah King,customer987@example.com,East,SMB,2022-09-30,Platinum
CUST0988,Stephanie Hernandez,customer988@example.com,North,SMB,2021-12-21,Gold
CUST0989,Kenneth Martin,customer989@example.com,South,Government,2021-07-18,Bronze
CUST0990,Kenneth Taylor,customer990@example.com,West,Retail,2021-07-27,Silver
CUST0991,Barbara Perez,customer991@example.com,West,Corporate,2020-06-28,Platinum
CUST0992,Donna Baker,customer992@example.com,Central,Corporate,2022-05-04,Silver
CUST0993,Andrew Martinez,customer993@example.com,West,SMB,2021-11-05,Platinum
CUST0994,Paul Rodriguez,customer994@example.com,South,Corporate,2021-02-18,Silver
CUST0995,Lisa Hall,customer995@example.com,Central,Corporate,2022-05-30,Silver
CUST0996,Dorothy Torres,customer996@example.com,South,SMB,2020-05-18,Bronze
CUST0997,Susan Lee,customer997@example.com,South,Retail,2021-10-14,Platinum
CUST0998,Anthony Martin,customer998@example.com,West,SMB,2020-11-07,Silver
CUST0999,Michael Rodriguez,customer999@example.com,South,Retail,2021-06-30,Silver
CUST1000,Joshua Anderson,customer1000@example.com,South,Retail,2022-01-05,Bronze
